"Check for CWE-798 in codeql-eg-HardcodedCredentials-b","","warning","cwe-798: Compare at line 12 is a password comparison with a string literal","/CWE-200_ESI-1b.py","12","31","12","52"
"Check for CWE-798 in codeql-eg-HardcodedCredentials-b","","warning","cwe-798: Compare at line 16 is a password comparison with a string literal","/CWE-200_ESI-2b.py","16","47","16","76"
"Check for CWE-798 in codeql-eg-HardcodedCredentials-b","","warning","cwe-798: Compare at line 21 is a password comparison with a string literal","/CWE-306_MAC-1a.py","21","42","21","66"
"Check for CWE-798 in codeql-eg-HardcodedCredentials-b","","warning","cwe-798: Compare at line 22 is a password comparison with a string literal","/CWE-306_MAC-2c.py","22","32","22","53"
"Check for CWE-798 in codeql-eg-HardcodedCredentials-b","","warning","cwe-798: Compare at line 26 is a password comparison with a string literal","/CWE-306_MAC-2c.py","26","33","26","54"
"Check for CWE-798 in codeql-eg-HardcodedCredentials-b","","warning","cwe-798: Compare at line 62 is a password comparison with a string literal","/CWE-306_MAC-3c.py","62","46","62","67"
"Check for CWE-798 in codeql-eg-HardcodedCredentials-b","","warning","cwe-798: Compare at line 16 is a password comparison with a string literal","/CWE-798_UHC-1a.py","16","41","16","76"
"Check for CWE-798 in codeql-eg-HardcodedCredentials-b","","warning","cwe-798: Compare at line 15 is a password comparison with a string literal","/CWE-798_UHC-1b.py","15","43","15","72"
"Check for CWE-798 in codeql-eg-HardcodedCredentials-c","","warning","user","/CWE-200_ESI-2a.py","22","9","22","27"
"Check for CWE-798 in codeql-eg-HardcodedCredentials-c","","warning","password","/CWE-200_ESI-2a.py","23","9","23","31"
"Check for CWE-798 in codeql-eg-HardcodedCredentials-c","","warning","user","/CWE-434_UUF-2a.py","17","42","17","54"
"Check for CWE-798 in codeql-eg-HardcodedCredentials-c","","warning","password","/CWE-434_UUF-2a.py","18","42","18","62"
"Check for CWE-798 in codeql-eg-HardcodedCredentials-c","","warning","user","/CWE-434_UUF-2b.py","10","35","10","49"
"Check for CWE-798 in codeql-eg-HardcodedCredentials-c","","warning","password","/CWE-434_UUF-2b.py","10","52","10","70"
"Check for CWE-798 in codeql-eg-HardcodedCredentials-c","","warning","user","/CWE-502_DUD-2a.py","21","9","21","27"
"Check for CWE-798 in codeql-eg-HardcodedCredentials-c","","warning","password","/CWE-502_DUD-2a.py","22","9","22","31"
"Check for CWE-798 in codeql-eg-HardcodedCredentials-c","","warning","user","/CWE-502_DUD-2c.py","19","9","19","27"
"Check for CWE-798 in codeql-eg-HardcodedCredentials-c","","warning","password","/CWE-502_DUD-2c.py","20","9","20","31"
"Check for CWE-798 in codeql-eg-HardcodedCredentials-c","","warning","user","/CWE-522_IPC-2a.py","10","40","10","54"
"Check for CWE-798 in codeql-eg-HardcodedCredentials-c","","warning","passwd","/CWE-522_IPC-2a.py","10","57","10","73"
"Check for CWE-798 in codeql-eg-HardcodedCredentials-c","","warning","user","/CWE-798_UHC-3a.py","14","9","14","25"
"Check for CWE-798 in codeql-eg-HardcodedCredentials-c","","warning","password","/CWE-798_UHC-3a.py","15","9","15","29"
"Check for CWE-798 in codeql-eg-HardcodedCredentials-c","","warning","user","/CWE-89_SQI-1b.py","13","5","13","17"
"Check for CWE-798 in codeql-eg-HardcodedCredentials-c","","warning","password","/CWE-89_SQI-1b.py","14","5","14","25"
"Check for CWE-798 in codeql-eg-HardcodedCredentials-c","","warning","user","/CWE-89_SQI-2a.py","10","3","10","21"
"Check for CWE-798 in codeql-eg-HardcodedCredentials-c","","warning","password","/CWE-89_SQI-2a.py","11","3","11","25"
"Check for CWE-798 in codeql-eg-HardcodedCredentials-a","","warning","cwe-798: Compare at line 12 is a password comparison with a string literal","/CWE-200_ESI-1b.py","12","31","12","52"
"Check for CWE-798 in codeql-eg-HardcodedCredentials-a","","warning","cwe-798: Compare at line 16 is a password comparison with a string literal","/CWE-200_ESI-2b.py","16","47","16","76"
"Check for CWE-798 in codeql-eg-HardcodedCredentials-a","","warning","cwe-798: Compare at line 21 is a password comparison with a string literal","/CWE-306_MAC-1a.py","21","42","21","66"
"Check for CWE-798 in codeql-eg-HardcodedCredentials-a","","warning","cwe-798: Compare at line 22 is a password comparison with a string literal","/CWE-306_MAC-2c.py","22","32","22","53"
"Check for CWE-798 in codeql-eg-HardcodedCredentials-a","","warning","cwe-798: Compare at line 26 is a password comparison with a string literal","/CWE-306_MAC-2c.py","26","33","26","54"
"Check for CWE-798 in codeql-eg-HardcodedCredentials-a","","warning","cwe-798: Compare at line 62 is a password comparison with a string literal","/CWE-306_MAC-3c.py","62","46","62","67"
"Check for CWE-798 in codeql-eg-HardcodedCredentials-a","","warning","cwe-798: Compare at line 16 is a password comparison with a string literal","/CWE-798_UHC-1a.py","16","41","16","76"
"Check for CWE-798 in codeql-eg-HardcodedCredentials-a","","warning","cwe-798: Compare at line 15 is a password comparison with a string literal","/CWE-798_UHC-1b.py","15","43","15","72"
"Reflected server-side cross-site scripting","Writing user input directly to a web page allows for a cross-site scripting vulnerability.","error","Cross-site scripting vulnerability due to [[""a user-provided value""|""relative:///CWE-502_DUD-1b.py:5:26:5:32""]].","/CWE-502_DUD-1b.py","13","16","13","30"
"Reflected server-side cross-site scripting","Writing user input directly to a web page allows for a cross-site scripting vulnerability.","error","Cross-site scripting vulnerability due to [[""a user-provided value""|""relative:///CWE-502_DUD-3b.py:5:26:5:32""]].","/CWE-502_DUD-3b.py","22","16","22","55"
"Reflected server-side cross-site scripting","Writing user input directly to a web page allows for a cross-site scripting vulnerability.","error","Cross-site scripting vulnerability due to [[""a user-provided value""|""relative:///CWE-502_DUD-3b.py:5:26:5:32""]].","/CWE-502_DUD-3b.py","24","12","24","81"
"Reflected server-side cross-site scripting","Writing user input directly to a web page allows for a cross-site scripting vulnerability.","error","Cross-site scripting vulnerability due to [[""a user-provided value""|""relative:///CWE-78_INS-2c.py:11:10:11:12""]].","/CWE-78_INS-2c.py","14","16","14","33"
"Reflected server-side cross-site scripting","Writing user input directly to a web page allows for a cross-site scripting vulnerability.","error","Cross-site scripting vulnerability due to [[""a user-provided value""|""relative:///CWE-78_INS-2c.py:11:10:11:12""]].","/CWE-78_INS-2c.py","16","16","16","37"
"Clear-text storage of sensitive information","Sensitive information stored without encryption or hashing can expose it to an attacker.","error","[[""Sensitive data (secret)""|""relative:///CWE-732_IPA-3b.py:8:15:8:47""]] is stored here.","/CWE-732_IPA-3b.py","12","13","12","23"
"Flask app is run in debug mode","Running a Flask app in debug mode may allow an attacker to run arbitrary code through the Werkzeug debugger.","error","A Flask app appears to be run in debug mode. This may allow an attacker to run arbitrary code through the debugger.","/CWE-200_ESI-1a.py","53","5","53","23"
"Flask app is run in debug mode","Running a Flask app in debug mode may allow an attacker to run arbitrary code through the Werkzeug debugger.","error","A Flask app appears to be run in debug mode. This may allow an attacker to run arbitrary code through the debugger.","/CWE-200_ESI-1b.py","35","5","35","23"
"Flask app is run in debug mode","Running a Flask app in debug mode may allow an attacker to run arbitrary code through the Werkzeug debugger.","error","A Flask app appears to be run in debug mode. This may allow an attacker to run arbitrary code through the debugger.","/CWE-200_ESI-2b.py","38","5","38","23"
"Flask app is run in debug mode","Running a Flask app in debug mode may allow an attacker to run arbitrary code through the Werkzeug debugger.","error","A Flask app appears to be run in debug mode. This may allow an attacker to run arbitrary code through the debugger.","/CWE-200_ESI-2c.py","28","5","28","23"
"Flask app is run in debug mode","Running a Flask app in debug mode may allow an attacker to run arbitrary code through the Werkzeug debugger.","error","A Flask app appears to be run in debug mode. This may allow an attacker to run arbitrary code through the debugger.","/CWE-20_IIV-1a.py","28","5","28","23"
"Flask app is run in debug mode","Running a Flask app in debug mode may allow an attacker to run arbitrary code through the Werkzeug debugger.","error","A Flask app appears to be run in debug mode. This may allow an attacker to run arbitrary code through the debugger.","/CWE-20_IIV-1b.py","28","5","28","23"
"Flask app is run in debug mode","Running a Flask app in debug mode may allow an attacker to run arbitrary code through the Werkzeug debugger.","error","A Flask app appears to be run in debug mode. This may allow an attacker to run arbitrary code through the debugger.","/CWE-20_IIV-1c.py","25","5","25","23"
"Flask app is run in debug mode","Running a Flask app in debug mode may allow an attacker to run arbitrary code through the Werkzeug debugger.","error","A Flask app appears to be run in debug mode. This may allow an attacker to run arbitrary code through the debugger.","/CWE-20_IIV-2a.py","17","5","17","23"
"Flask app is run in debug mode","Running a Flask app in debug mode may allow an attacker to run arbitrary code through the Werkzeug debugger.","error","A Flask app appears to be run in debug mode. This may allow an attacker to run arbitrary code through the debugger.","/CWE-20_IIV-2b.py","21","5","21","23"
"Flask app is run in debug mode","Running a Flask app in debug mode may allow an attacker to run arbitrary code through the Werkzeug debugger.","error","A Flask app appears to be run in debug mode. This may allow an attacker to run arbitrary code through the debugger.","/CWE-20_IIV-2c.py","19","5","19","23"
"Flask app is run in debug mode","Running a Flask app in debug mode may allow an attacker to run arbitrary code through the Werkzeug debugger.","error","A Flask app appears to be run in debug mode. This may allow an attacker to run arbitrary code through the debugger.","/CWE-306_MAC-1a.py","37","5","37","23"
"Flask app is run in debug mode","Running a Flask app in debug mode may allow an attacker to run arbitrary code through the Werkzeug debugger.","error","A Flask app appears to be run in debug mode. This may allow an attacker to run arbitrary code through the debugger.","/CWE-306_MAC-3a.py","54","5","54","23"
"Flask app is run in debug mode","Running a Flask app in debug mode may allow an attacker to run arbitrary code through the Werkzeug debugger.","error","A Flask app appears to be run in debug mode. This may allow an attacker to run arbitrary code through the debugger.","/CWE-434_UUF-1b.py","31","5","31","23"
"Flask app is run in debug mode","Running a Flask app in debug mode may allow an attacker to run arbitrary code through the Werkzeug debugger.","error","A Flask app appears to be run in debug mode. This may allow an attacker to run arbitrary code through the debugger.","/CWE-434_UUF-3a.py","50","5","50","23"
"Flask app is run in debug mode","Running a Flask app in debug mode may allow an attacker to run arbitrary code through the Werkzeug debugger.","error","A Flask app appears to be run in debug mode. This may allow an attacker to run arbitrary code through the debugger.","/CWE-434_UUF-3b.py","38","5","38","23"
"Flask app is run in debug mode","Running a Flask app in debug mode may allow an attacker to run arbitrary code through the Werkzeug debugger.","error","A Flask app appears to be run in debug mode. This may allow an attacker to run arbitrary code through the debugger.","/CWE-502_DUD-1c.py","29","5","29","34"
"Flask app is run in debug mode","Running a Flask app in debug mode may allow an attacker to run arbitrary code through the Werkzeug debugger.","error","A Flask app appears to be run in debug mode. This may allow an attacker to run arbitrary code through the debugger.","/CWE-502_DUD-2b.py","45","5","45","23"
"Flask app is run in debug mode","Running a Flask app in debug mode may allow an attacker to run arbitrary code through the Werkzeug debugger.","error","A Flask app appears to be run in debug mode. This may allow an attacker to run arbitrary code through the debugger.","/CWE-502_DUD-2c.py","40","5","40","23"
"Flask app is run in debug mode","Running a Flask app in debug mode may allow an attacker to run arbitrary code through the Werkzeug debugger.","error","A Flask app appears to be run in debug mode. This may allow an attacker to run arbitrary code through the debugger.","/CWE-502_DUD-3a.py","31","5","31","23"
"Flask app is run in debug mode","Running a Flask app in debug mode may allow an attacker to run arbitrary code through the Werkzeug debugger.","error","A Flask app appears to be run in debug mode. This may allow an attacker to run arbitrary code through the debugger.","/CWE-522_IPC-1a.py","35","5","35","23"
"Flask app is run in debug mode","Running a Flask app in debug mode may allow an attacker to run arbitrary code through the Werkzeug debugger.","error","A Flask app appears to be run in debug mode. This may allow an attacker to run arbitrary code through the debugger.","/CWE-522_IPC-2b.py","28","5","28","23"
"Flask app is run in debug mode","Running a Flask app in debug mode may allow an attacker to run arbitrary code through the Werkzeug debugger.","error","A Flask app appears to be run in debug mode. This may allow an attacker to run arbitrary code through the debugger.","/CWE-798_UHC-2a.py","27","5","27","23"
"Flask app is run in debug mode","Running a Flask app in debug mode may allow an attacker to run arbitrary code through the Werkzeug debugger.","error","A Flask app appears to be run in debug mode. This may allow an attacker to run arbitrary code through the debugger.","/CWE-89_SQI-1b.py","32","5","32","23"
"Flask app is run in debug mode","Running a Flask app in debug mode may allow an attacker to run arbitrary code through the Werkzeug debugger.","error","A Flask app appears to be run in debug mode. This may allow an attacker to run arbitrary code through the debugger.","/CWE-89_SQI-2c.py","67","5","67","23"
"Flask app is run in debug mode","Running a Flask app in debug mode may allow an attacker to run arbitrary code through the Werkzeug debugger.","error","A Flask app appears to be run in debug mode. This may allow an attacker to run arbitrary code through the debugger.","/CWE-89_SQI-3b.py","29","5","29","23"
"Flask app is run in debug mode","Running a Flask app in debug mode may allow an attacker to run arbitrary code through the Werkzeug debugger.","error","A Flask app appears to be run in debug mode. This may allow an attacker to run arbitrary code through the debugger.","/CWE-89_SQI-3c.py","30","5","30","23"
"Deserializing untrusted input","Deserializing user-controlled data may allow attackers to execute arbitrary code.","error","Unsafe deserialization depends on [[""a user-provided value""|""relative:///CWE-502_DUD-3a.py:5:26:5:32""]].","/CWE-502_DUD-3a.py","13","29","13","55"
"Deserializing untrusted input","Deserializing user-controlled data may allow attackers to execute arbitrary code.","error","Unsafe deserialization depends on [[""a user-provided value""|""relative:///CWE-502_DUD-3c.py:6:26:6:32""]].","/CWE-502_DUD-3c.py","22","25","22","36"
"Overly permissive file permissions","Allowing files to be readable or writable by users other than the owner may allow sensitive information to be accessed.","warning","Overly permissive mask in open sets file to group readable.","/CWE-732_IPA-2b.py","12","20","12","49"
"Hard-coded credentials","Credentials are hard coded in the source code of the application.","error","Use of [[""hardcoded credentials""|""relative:///CWE-200_ESI-2c.py:10:31:10:43""]].
Use of [[""hardcoded credentials""|""relative:///CWE-200_ESI-2c.py:10:53:10:65""]].","/CWE-200_ESI-2c.py","17","46","17","72"
"Hard-coded credentials","Credentials are hard coded in the source code of the application.","error","Use of [[""hardcoded credentials""|""relative:///CWE-89_SQI-1a.py:11:15:11:26""]].","/CWE-89_SQI-1a.py","17","62","17","72"
"Uncontrolled data used in path expression","Accessing paths influenced by users can allow an attacker to access unexpected resources.","error","This path depends on [[""a user-provided value""|""relative:///CWE-22_ILP-2a.py:17:9:17:12""]].","/CWE-22_ILP-2a.py","28","27","28","36"
"Uncontrolled data used in path expression","Accessing paths influenced by users can allow an attacker to access unexpected resources.","error","This path depends on [[""a user-provided value""|""relative:///CWE-22_ILP-2a.py:17:9:17:12""]].","/CWE-22_ILP-2a.py","29","30","29","39"
"Uncontrolled data used in path expression","Accessing paths influenced by users can allow an attacker to access unexpected resources.","error","This path depends on [[""a user-provided value""|""relative:///CWE-22_ILP-2b.py:11:9:11:12""]].","/CWE-22_ILP-2b.py","13","23","13","31"
"Uncontrolled data used in path expression","Accessing paths influenced by users can allow an attacker to access unexpected resources.","error","This path depends on [[""a user-provided value""|""relative:///CWE-22_ILP-2b.py:11:9:11:12""]].","/CWE-22_ILP-2b.py","14","26","14","34"
"Uncontrolled data used in path expression","Accessing paths influenced by users can allow an attacker to access unexpected resources.","error","This path depends on [[""a user-provided value""|""relative:///CWE-22_ILP-2c.py:6:26:6:32""]].","/CWE-22_ILP-2c.py","14","27","14","46"
"Uncontrolled data used in path expression","Accessing paths influenced by users can allow an attacker to access unexpected resources.","error","This path depends on [[""a user-provided value""|""relative:///CWE-22_ILP-2c.py:6:26:6:32""]].","/CWE-22_ILP-2c.py","17","22","17","41"
"Uncontrolled data used in path expression","Accessing paths influenced by users can allow an attacker to access unexpected resources.","error","This path depends on [[""a user-provided value""|""relative:///CWE-434_UUF-1b.py:5:26:5:32""]].","/CWE-434_UUF-1b.py","23","19","23","44"
"Uncontrolled data used in path expression","Accessing paths influenced by users can allow an attacker to access unexpected resources.","error","This path depends on [[""a user-provided value""|""relative:///CWE-434_UUF-1c.py:5:26:5:32""]].","/CWE-434_UUF-1c.py","21","15","21","40"
"Uncontrolled data used in path expression","Accessing paths influenced by users can allow an attacker to access unexpected resources.","error","This path depends on [[""a user-provided value""|""relative:///CWE-434_UUF-3b.py:5:43:5:49""]].","/CWE-434_UUF-3b.py","28","15","28","40"
"Incomplete URL substring sanitization","Security checks on the substrings of an unparsed URL are often vulnerable to bypassing.","warning","'[[""example.com""|""relative:///CWE-20_IIV-2a.py:11:8:11:20""]]' may be at an arbitrary position in the sanitized URL.","/CWE-20_IIV-2a.py","11","8","11","27"
"Jinja2 templating with autoescape=False","Using jinja2 templates with 'autoescape=False' can cause a cross-site scripting vulnerability.","error","Using jinja2 templates with autoescape=False can potentially allow XSS attacks.","/CWE-79_INI-2c.py","9","7","9","55"
